latency_ms,allocated_MB,peak_MB
13.579936027526855,344.67328,416.708608
13.190591812133789,344.67328,416.708608
13.21894359588623,344.67328,416.708608
13.20736026763916,344.67328,416.708608
13.026176452636719,344.67328,416.708608
13.05571174621582,344.67328,416.708608
13.04969596862793,344.67328,416.708608
13.285440444946289,344.67328,416.708608
13.000448226928711,344.67328,416.708608
13.04377555847168,344.67328,416.708608
12.978079795837402,344.67328,416.708608
12.9453763961792,344.67328,416.708608
12.951519966125488,344.67328,416.708608
12.991007804870605,344.67328,416.708608
12.939488410949707,344.67328,416.708608
12.991168022155762,344.67328,416.708608
12.793600082397461,344.67328,416.708608
12.729375839233398,344.67328,416.708608
12.728384017944336,344.67328,416.708608
12.883456230163574,344.67328,416.708608
12.83801555633545,344.67328,416.708608
12.750847816467285,344.67328,416.708608
13.108480453491211,344.67328,416.708608
13.015071868896484,344.67328,416.708608
12.947967529296875,344.67328,416.708608
13.036160469055176,344.67328,416.708608
12.995743751525879,344.67328,416.708608
13.05395221710205,344.67328,416.708608
12.942432403564453,344.67328,416.708608
13.033984184265137,344.67328,416.708608
13.201408386230469,344.67328,416.708608
13.20032024383545,344.67328,416.708608
13.201408386230469,344.67328,416.708608
13.195263862609863,344.67328,416.708608
13.189120292663574,344.67328,416.708608
13.130751609802246,344.67328,416.708608
13.047840118408203,344.67328,416.708608
12.94540786743164,344.67328,416.708608
13.631263732910156,344.67328,416.708608
12.880512237548828,344.67328,416.708608
12.759552001953125,344.67328,416.708608
12.748831748962402,344.67328,416.708608
12.744704246520996,344.67328,416.708608
13.142016410827637,344.67328,416.708608
13.195679664611816,344.67328,416.708608
13.189311981201172,344.67328,416.708608
13.06009578704834,344.67328,416.708608
12.9967679977417,344.67328,416.708608
12.947487831115723,344.67328,416.708608
13.053983688354492,344.67328,416.708608
13.043904304504395,344.67328,416.708608
13.072383880615234,344.67328,416.708608
13.05190372467041,344.67328,416.708608
13.088800430297852,344.67328,416.708608
13.058079719543457,344.67328,416.708608
12.889408111572266,344.67328,416.708608
12.929023742675781,344.67328,416.708608
13.053919792175293,344.67328,416.708608
12.939776420593262,344.67328,416.708608
12.980704307556152,344.67328,416.708608
13.06828784942627,344.67328,416.708608
13.053888320922852,344.67328,416.708608
13.04800033569336,344.67328,416.708608
13.049663543701172,344.67328,416.708608
13.044672012329102,344.67328,416.708608
13.06003189086914,344.67328,416.708608
13.03763198852539,344.67328,416.708608
12.962911605834961,344.67328,416.708608
12.953791618347168,344.67328,416.708608
13.068575859069824,344.67328,416.708608
13.2741117477417,344.67328,416.708608
13.203136444091797,344.67328,416.708608
13.194080352783203,344.67328,416.708608
13.201408386230469,344.67328,416.708608
13.182304382324219,344.67328,416.708608
13.174783706665039,344.67328,416.708608
13.07033634185791,344.67328,416.708608
13.02729606628418,344.67328,416.708608
12.9617919921875,344.67328,416.708608
12.879903793334961,344.67328,416.708608
12.934432029724121,344.67328,416.708608
13.064191818237305,344.67328,416.708608
12.949503898620605,344.67328,416.708608
12.991264343261719,344.67328,416.708608
13.058079719543457,344.67328,416.708608
13.055744171142578,344.67328,416.708608
13.006879806518555,344.67328,416.708608
12.898528099060059,344.67328,416.708608
12.95967960357666,344.67328,416.708608
12.961824417114258,344.67328,416.708608
12.982303619384766,344.67328,416.708608
13.18502426147461,344.67328,416.708608
13.183008193969727,344.67328,416.708608
13.123616218566895,344.67328,416.708608
12.777503967285156,344.67328,416.708608
12.830143928527832,344.67328,416.708608
13.193216323852539,344.67328,416.708608
13.08028793334961,344.67328,416.708608
13.047904014587402,344.67328,416.708608
13.063872337341309,344.67328,416.708608
