layer,weights,mask_sparsity,actual_zero_fraction,extra_natural_zeros,remaining_ratio,masked_positions_zero
conv1,1728,0.8634259259259259,0.8634259259259259,0,0.13657407462596893,True
layer1.0.conv1,36864,0.8423665364583334,0.8423665364583334,0,0.1576334685087204,True
layer1.0.conv2,36864,0.8041449652777778,0.8041449652777778,0,0.1958550363779068,True
layer1.1.conv1,36864,0.8351508246527778,0.8351508246527778,0,0.1648491770029068,True
layer1.1.conv2,36864,0.7945963541666666,0.7945963541666666,0,0.2054036408662796,True
layer2.0.conv1,73728,0.6908772786458334,0.6908772786458334,0,0.3091227114200592,True
layer2.0.conv2,147456,0.6857842339409722,0.6857842339409722,0,0.3142157793045044,True
layer2.0.downsample.0,8192,0.7392578125,0.7392578125,0,0.2607421875,True
layer2.1.conv1,147456,0.6986897786458334,0.6986897786458334,0,0.3013102114200592,True
layer2.1.conv2,147456,0.7406548394097222,0.7406548394097222,0,0.2593451738357544,True
layer3.0.conv1,294912,0.7182413736979166,0.7182413736979166,0,0.2817586362361908,True
layer3.0.conv2,589824,0.7309672037760416,0.7309672037760416,0,0.2690328061580658,True
layer3.0.downsample.0,32768,0.74053955078125,0.74053955078125,0,0.25946044921875,True
layer3.1.conv1,589824,0.7279035780164931,0.7279035780164931,0,0.2720964252948761,True
layer3.1.conv2,589824,0.7631327311197916,0.7631327311197916,0,0.2368672639131546,True
layer4.0.conv1,1179648,0.7733154296875,0.7733154296875,0,0.2266845703125,True
layer4.0.conv2,2359296,0.6617151896158854,0.6617151896158854,0,0.33828482031822205,True
layer4.0.downsample.0,131072,0.8241729736328125,0.8241729736328125,0,0.1758270263671875,True
layer4.1.conv1,2359296,0.7209955851236979,0.7209955851236979,0,0.27900442481040955,True
layer4.1.conv2,2359296,0.631265852186415,0.631265852186415,0,0.3687341511249542,True
fc,5120,0.764453125,0.764453125,0,0.23554687201976776,True
