train_loss,train_top1,epoch,lr,val_loss,val_top1,seconds
2.196664269955953,21.66,1,0.1,1.7296920204162598,32.96,
1.574633651140001,40.913333333333334,2,0.09990232305719944,1.4254144985198975,50.56,18.802132647999997
1.2308634887695313,55.5,3,0.09960967771506665,1.1554085660934448,59.84,18.79407181700003
1.0519007534133062,62.34,4,0.09912321891107008,1.140429722595215,60.04,18.717136225999866
0.9141240214877658,67.73333333333333,5,0.09844486647586721,0.94630094165802,67.06,18.628016764999984
0.8336632415983412,70.88666666666667,6,0.09757729755661008,0.833379585647583,70.62,18.598414817000048
0.7537633484522501,73.64222222222222,7,0.09652393605146842,0.7942345809936523,72.94,18.62096111300002
0.7049851374944051,75.76222222222222,8,0.09528893909706795,0.8473324934005737,72.14,18.63009031699994
0.6652102158016628,77.05333333333333,9,0.09387718066217123,0.8142733520507812,73.66,18.654165312000032
0.6371084073066712,77.85555555555555,10,0.09229423231234973,0.7585041246414185,74.24,18.670004025000026
0.6138608221054077,78.90666666666667,11,0.09054634122155988,0.7869093238830567,73.58,18.600353552999877
0.5943650822533502,79.64222222222222,12,0.08864040551740156,0.6078731088638306,79.3,18.586112776999926
0.577699121676551,80.15555555555555,13,0.08658394705735986,0.661180298614502,77.94,18.619360544000074
0.5557963199297588,80.95555555555555,14,0.08438508174347008,0.5888897342681885,80.22,18.654157513999962
0.545379050344891,81.25111111111111,15,0.08205248749256012,0.6768367523193359,77.3,18.622999922999952
0.5278134304258558,81.9888888888889,16,0.07959536998847742,0.6631534061431885,78.96,18.65150884800005
0.5135156923770905,82.26444444444445,17,0.07702342635146033,0.6081218816280365,79.54,18.655916586999865
0.4994127234458923,82.77333333333333,18,0.07434680686803491,0.6508508462905884,79.02,18.701329474999966
0.48995097641415064,83.10666666666667,19,0.0715760749324711,0.5687224544525147,81.48,18.710581976999947
0.4757359783384535,83.61555555555556,20,0.06872216535789157,0.6784314810037613,78.04,18.713380014999984
0.46195493194792003,84.04,21,0.06579634122155989,0.6558921837806702,78.84,18.715985943000078
0.4480775420612759,84.65777777777778,22,0.0628101494146603,0.5462871589660645,81.82,18.68807270100001
0.4362854917526245,85.10222222222222,23,0.059775375071993375,0.5974695013046265,80.56,18.69532402599998
0.42653888591925304,85.30888888888889,24,0.056703995061433074,0.5339572991371154,82.12,18.725613205999935
0.4128265015496148,85.74666666666667,25,0.05360813071670102,0.5702215732574463,80.7,18.72340400500002
0.40168327024247913,86.11555555555556,26,0.0505,0.4781106219291687,84.2,18.67539089899992
0.38522759607632956,86.62444444444445,27,0.04739186928329899,0.5633236415863037,81.68,18.631535835000022
0.3706755055851407,87.25111111111111,28,0.044296004938566946,0.5066870092391967,82.7,18.60207027199999
0.35219909180005393,87.76444444444445,29,0.04122462492800664,0.4532420640945435,84.88,18.621575121999967
0.34313901086383397,88.17555555555556,30,0.03818985058533969,0.3995670478820801,86.76,18.639573488999986
0.32277907547420925,88.87777777777778,31,0.035203658778440124,0.4457376085281372,85.44,18.713663847999896
0.30961354853312173,89.27333333333333,32,0.03227783464210846,0.4086371686935425,86.32,18.727288835999843
0.2924176997767554,89.79333333333334,33,0.02942392506752891,0.41132434406280516,86.42,18.717165726000076
0.27570771359337704,90.44888888888889,34,0.02665319313196509,0.392822731590271,87.02,18.73165135399995
0.2598994463920593,91.14,35,0.023976573648539657,0.3943417123794556,87.36,18.693555982999897
0.2424858656671312,91.56444444444445,36,0.021404630011522586,0.3586007383346558,88.8,18.678087817999995
0.22475898296568128,92.11333333333333,37,0.018947512507439857,0.4247441300392151,86.66,18.679480799000203
0.20781332653628456,92.80888888888889,38,0.016614918256529908,0.36536875267028807,88.14,18.722121572999868
0.1868342213286294,93.55333333333333,39,0.014416052942640138,0.37340234870910644,88.58,18.689379859999917
0.17336971584161123,93.98444444444445,40,0.012359594482598435,0.34423250918388365,89.72,18.72114522699985
0.1545814857535892,94.67555555555556,41,0.010453658778440102,0.3358163641929626,90.02,18.670577876000152
0.13240643699698978,95.38666666666667,42,0.00870576768765026,0.3027000861167908,91.02,18.645841251999627
0.12197869329982333,95.67777777777778,43,0.007122819337828748,0.31374687595367434,90.6,18.5816298689997
0.106222954887814,96.34,44,0.005711060902932039,0.3027070468902588,91.52,18.582497287000024
0.09072288621266683,96.82222222222222,45,0.004476063948531556,0.2875855857849121,91.84,18.581753167999977
0.08212052029768625,97.1511111111111,46,0.0034227024433898987,0.3007118942260742,91.14,18.586692660000153
0.07034614971876145,97.67333333333333,47,0.002555133524132766,0.29148662157058713,91.44,18.568858414999795
0.06437391452789307,97.80222222222223,48,0.0018767810889299076,0.29558190364837644,91.78,18.570793171999867
0.05798110850320922,98.09333333333333,49,0.0013903222849333504,0.29447599334716795,91.82,18.567273246999775
0.052921789752112494,98.24,50,0.0010976769428005578,0.2942550703048706,91.86,18.595646489000046
