layer,sparsity,n,top1,top5,macro_f1,loss
conv1,0.0,5000,99.82,100.0,0.9981985845454615,0.022881719782948493
conv1,0.1,5000,99.82,100.0,0.9981985845454615,0.02288172804415226
conv1,0.2,5000,99.82,100.0,0.9981985845454615,0.02289827092587948
conv1,0.5,5000,99.3,100.0,0.9929983389903081,0.04098723785877228
conv1,0.7,5000,84.96,98.4,0.846309058571787,0.5215996052622796
conv1,0.8,5000,44.16,85.3,0.4179962836518499,2.314885243988037
conv1,0.9,5000,23.02,65.74,0.19273581290567857,3.2940309188842773
layer1.0.conv1,0.0,5000,99.82,100.0,0.9981985845454615,0.022881719782948493
layer1.0.conv1,0.1,5000,99.82,100.0,0.9981985845454615,0.02288172087073326
layer1.0.conv1,0.2,5000,99.82,100.0,0.9981985845454615,0.02288006684780121
layer1.0.conv1,0.5,5000,99.84,100.0,0.9983993907824728,0.02327061439752579
layer1.0.conv1,0.7,5000,99.78,100.0,0.9977991797615802,0.02661446323990822
layer1.0.conv1,0.8,5000,99.16,100.0,0.9916099965165774,0.04132001595497131
layer1.0.conv1,0.9,5000,95.8,99.96,0.9580941375765967,0.14556321723759175
layer1.0.conv2,0.0,5000,99.82,100.0,0.9981985845454615,0.022881719782948493
layer1.0.conv2,0.1,5000,99.82,100.0,0.9981985845454615,0.022895191037654878
layer1.0.conv2,0.2,5000,99.82,100.0,0.9981985845454615,0.022899660712480546
layer1.0.conv2,0.5,5000,99.84,100.0,0.9983993907824728,0.02343346944451332
layer1.0.conv2,0.7,5000,99.7,100.0,0.9969997882021113,0.0272498154014349
layer1.0.conv2,0.8,5000,99.34,100.0,0.9933965151877411,0.03807996659874916
layer1.0.conv2,0.9,5000,95.94,100.0,0.9590454073073571,0.138225882178545
layer1.1.conv1,0.0,5000,99.82,100.0,0.9981985845454615,0.022881719782948493
layer1.1.conv1,0.1,5000,99.84,100.0,0.9983989925760938,0.0228835732370615
layer1.1.conv1,0.2,5000,99.86,100.0,0.9985995963935723,0.022925004190206526
layer1.1.conv1,0.5,5000,99.86,100.0,0.9985987931746967,0.02326298878788948
layer1.1.conv1,0.7,5000,99.56,100.0,0.995599729319031,0.032054358541965484
layer1.1.conv1,0.8,5000,98.64,99.98,0.9864438554177056,0.059111088466644285
layer1.1.conv1,0.9,5000,97.36,99.92,0.9737005288749604,0.09096896522045135
layer1.1.conv2,0.0,5000,99.82,100.0,0.9981985845454615,0.022881719782948493
layer1.1.conv2,0.1,5000,99.82,100.0,0.9981985845454615,0.022861542558670043
layer1.1.conv2,0.2,5000,99.82,100.0,0.9981985845454615,0.022874897727370263
layer1.1.conv2,0.5,5000,99.86,100.0,0.9985993907824728,0.022795305263996125
layer1.1.conv2,0.7,5000,99.84,100.0,0.9983989957953836,0.023939443558454513
layer1.1.conv2,0.8,5000,99.78,100.0,0.9977987927891518,0.02693095377981663
layer1.1.conv2,0.9,5000,99.06,99.98,0.990604841563191,0.04736035693883896
layer2.0.conv1,0.0,5000,99.82,100.0,0.9981985845454615,0.022881719782948493
layer2.0.conv1,0.1,5000,99.84,100.0,0.9983993907824728,0.02292241980433464
layer2.0.conv1,0.2,5000,99.86,100.0,0.9985995963935723,0.022854519751667978
layer2.0.conv1,0.5,5000,99.82,100.0,0.9981991951967807,0.02408664976358414
layer2.0.conv1,0.7,5000,99.12,100.0,0.9912135102226498,0.04590455379486084
layer2.0.conv1,0.8,5000,95.82,99.98,0.9585423074919971,0.13998137693405152
layer2.0.conv1,0.9,5000,65.5,95.0,0.6618084274483373,1.2376083675384522
layer2.0.conv2,0.0,5000,99.82,100.0,0.9981985845454615,0.022881719782948493
layer2.0.conv2,0.1,5000,99.82,100.0,0.9981985845454615,0.022915959072113037
layer2.0.conv2,0.2,5000,99.84,100.0,0.9983993907824728,0.022932711443305016
layer2.0.conv2,0.5,5000,99.82,100.0,0.9981993897836693,0.024007372564077378
layer2.0.conv2,0.7,5000,99.56,100.0,0.9955967496939552,0.0316836897611618
layer2.0.conv2,0.8,5000,98.62,100.0,0.9861870828941598,0.05253171993494034
layer2.0.conv2,0.9,5000,94.96,99.96,0.9492320255304099,0.16418219709396362
layer2.0.downsample.0,0.0,5000,99.82,100.0,0.9981985845454615,0.022881719782948493
layer2.0.downsample.0,0.1,5000,99.82,100.0,0.9981985845454615,0.022898230096697808
layer2.0.downsample.0,0.2,5000,99.84,100.0,0.9983993907824728,0.022891976913809776
layer2.0.downsample.0,0.5,5000,99.82,100.0,0.9981985845454615,0.023588788187503814
layer2.0.downsample.0,0.7,5000,99.7,100.0,0.9969989727553659,0.02599160214662552
layer2.0.downsample.0,0.8,5000,99.72,100.0,0.997198177775099,0.026726272737979888
layer2.0.downsample.0,0.9,5000,99.72,100.0,0.9971993680060068,0.02947893396615982
layer2.1.conv1,0.0,5000,99.82,100.0,0.9981985845454615,0.022881719782948493
layer2.1.conv1,0.1,5000,99.82,100.0,0.9981985845454615,0.022912668737769128
layer2.1.conv1,0.2,5000,99.82,100.0,0.9981985845454615,0.023104740035533904
layer2.1.conv1,0.5,5000,99.8,100.0,0.9979987839468585,0.024782246017456055
layer2.1.conv1,0.7,5000,99.44,100.0,0.9944013457215266,0.035605325949192045
layer2.1.conv1,0.8,5000,98.38,100.0,0.9837847247305472,0.07400875704288483
layer2.1.conv1,0.9,5000,90.44,99.82,0.907236499889023,0.3288849158763886
layer2.1.conv2,0.0,5000,99.82,100.0,0.9981985845454615,0.022881719782948493
layer2.1.conv2,0.1,5000,99.84,100.0,0.9983989925760938,0.02288267518877983
layer2.1.conv2,0.2,5000,99.82,100.0,0.9981985845454615,0.02288222663998604
layer2.1.conv2,0.5,5000,99.84,100.0,0.9983993907824728,0.02316192535161972
layer2.1.conv2,0.7,5000,99.84,100.0,0.9984005900220849,0.026145171260833742
layer2.1.conv2,0.8,5000,99.48,100.0,0.9948121750148873,0.03548738566637039
layer2.1.conv2,0.9,5000,97.86,100.0,0.978696517480121,0.08643172897100448
layer3.0.conv1,0.0,5000,99.82,100.0,0.9981985845454615,0.022881719782948493
layer3.0.conv1,0.1,5000,99.82,100.0,0.9981985845454615,0.022888424250483513
layer3.0.conv1,0.2,5000,99.82,100.0,0.9981985845454615,0.022965373358130457
layer3.0.conv1,0.5,5000,99.84,100.0,0.9983993907824728,0.023356918197870256
layer3.0.conv1,0.7,5000,99.74,100.0,0.9973983849646262,0.02641736605167389
layer3.0.conv1,0.8,5000,99.6,100.0,0.9959981599592505,0.031377776324748995
layer3.0.conv1,0.9,5000,98.36,100.0,0.9836463262951401,0.06778757808208466
layer3.0.conv2,0.0,5000,99.82,100.0,0.9981985845454615,0.022881719782948493
layer3.0.conv2,0.1,5000,99.84,100.0,0.9983989925760938,0.02290326346158981
layer3.0.conv2,0.2,5000,99.84,100.0,0.9983989925760938,0.022931584110856055
layer3.0.conv2,0.5,5000,99.82,100.0,0.9981985845454615,0.02288876359462738
layer3.0.conv2,0.7,5000,99.84,100.0,0.9983985845454614,0.025380682635307312
layer3.0.conv2,0.8,5000,99.72,100.0,0.9971991783651765,0.030507942247390746
layer3.0.conv2,0.9,5000,98.96,100.0,0.9896303972573334,0.06270244026184082
layer3.0.downsample.0,0.0,5000,99.82,100.0,0.9981985845454615,0.022881719782948493
layer3.0.downsample.0,0.1,5000,99.82,100.0,0.9981985845454615,0.022879035192728044
layer3.0.downsample.0,0.2,5000,99.84,100.0,0.9983989925760938,0.02286443028151989
layer3.0.downsample.0,0.5,5000,99.84,100.0,0.9983989925760938,0.022801759964227675
layer3.0.downsample.0,0.7,5000,99.82,100.0,0.9981985845454615,0.022971057695150374
layer3.0.downsample.0,0.8,5000,99.82,100.0,0.9981985845454615,0.023002501958608628
layer3.0.downsample.0,0.9,5000,99.82,100.0,0.9981985845454615,0.023104856306314467
layer3.1.conv1,0.0,5000,99.82,100.0,0.9981985845454615,0.022881719782948493
layer3.1.conv1,0.1,5000,99.82,100.0,0.9981985845454615,0.022887100294232368
layer3.1.conv1,0.2,5000,99.82,100.0,0.9981985845454615,0.022904325956106187
layer3.1.conv1,0.5,5000,99.82,100.0,0.9981985845454615,0.023205333170294763
layer3.1.conv1,0.7,5000,99.84,100.0,0.9983985845454614,0.02583031865954399
layer3.1.conv1,0.8,5000,99.8,100.0,0.9979991793627774,0.03097628779411316
layer3.1.conv1,0.9,5000,99.78,100.0,0.9977983807392338,0.051735292208194734
layer3.1.conv2,0.0,5000,99.82,100.0,0.9981985845454615,0.022881719782948493
layer3.1.conv2,0.1,5000,99.82,100.0,0.9981985845454615,0.022885697424411773
layer3.1.conv2,0.2,5000,99.82,100.0,0.9981985845454615,0.0228560884565115
layer3.1.conv2,0.5,5000,99.82,100.0,0.9981985845454615,0.022406785291433334
layer3.1.conv2,0.7,5000,99.82,100.0,0.9981985845454615,0.021752196341753006
layer3.1.conv2,0.8,5000,99.74,100.0,0.9973985625689965,0.023290550076961517
layer3.1.conv2,0.9,5000,99.54,100.0,0.9954156831678773,0.040503650784492494
layer4.0.conv1,0.0,5000,99.82,100.0,0.9981985845454615,0.022881719782948493
layer4.0.conv1,0.1,5000,99.82,100.0,0.9981985845454615,0.022895841008424758
layer4.0.conv1,0.2,5000,99.82,100.0,0.9981985845454615,0.02298437780737877
layer4.0.conv1,0.5,5000,99.82,100.0,0.9981985845454615,0.02501402299106121
layer4.0.conv1,0.7,5000,99.84,100.0,0.9983993907824728,0.031137435656785964
layer4.0.conv1,0.8,5000,99.84,100.0,0.9983993907824728,0.03998439872264862
layer4.0.conv1,0.9,5000,99.86,100.0,0.9985999943999511,0.06737091485261917
layer4.0.conv2,0.0,5000,99.82,100.0,0.9981985845454615,0.022881719782948493
layer4.0.conv2,0.1,5000,99.82,100.0,0.9981985845454615,0.02288140453994274
layer4.0.conv2,0.2,5000,99.82,100.0,0.9981985845454615,0.02288243390917778
layer4.0.conv2,0.5,5000,99.84,100.0,0.9983989925760938,0.023043197017908097
layer4.0.conv2,0.7,5000,99.84,100.0,0.9983989925760938,0.02404450322985649
layer4.0.conv2,0.8,5000,99.86,100.0,0.9985995963935723,0.026045819956064226
layer4.0.conv2,0.9,5000,99.86,100.0,0.9985995963935723,0.03310692237615585
layer4.0.downsample.0,0.0,5000,99.82,100.0,0.9981985845454615,0.022881719782948493
layer4.0.downsample.0,0.1,5000,99.82,100.0,0.9981985845454615,0.022889406901597978
layer4.0.downsample.0,0.2,5000,99.84,100.0,0.9983989925760938,0.023018243750929833
layer4.0.downsample.0,0.5,5000,99.82,100.0,0.9981985845454615,0.02494389169514179
layer4.0.downsample.0,0.7,5000,99.86,100.0,0.9985995963935723,0.028662037986516953
layer4.0.downsample.0,0.8,5000,99.86,100.0,0.9985995963935723,0.03333250445127487
layer4.0.downsample.0,0.9,5000,99.86,100.0,0.9985995963935723,0.04771560357809067
layer4.1.conv1,0.0,5000,99.82,100.0,0.9981985845454615,0.022881719782948493
layer4.1.conv1,0.1,5000,99.82,100.0,0.9981985845454615,0.02288312584757805
layer4.1.conv1,0.2,5000,99.82,100.0,0.9981985845454615,0.022894140022993087
layer4.1.conv1,0.5,5000,99.84,100.0,0.9983989925760938,0.02314141158759594
layer4.1.conv1,0.7,5000,99.82,100.0,0.9981985845454615,0.024035206151008605
layer4.1.conv1,0.8,5000,99.82,100.0,0.9981985845454615,0.02558429684638977
layer4.1.conv1,0.9,5000,99.82,100.0,0.9981985845454615,0.03103059959411621
layer4.1.conv2,0.0,5000,99.82,100.0,0.9981985845454615,0.022881719782948493
layer4.1.conv2,0.1,5000,99.82,100.0,0.9981985845454615,0.02288612623512745
layer4.1.conv2,0.2,5000,99.82,100.0,0.9981985845454615,0.022913786846399307
layer4.1.conv2,0.5,5000,99.82,100.0,0.9981985845454615,0.02322522350847721
layer4.1.conv2,0.7,5000,99.82,100.0,0.9981985845454615,0.02410209466814995
layer4.1.conv2,0.8,5000,99.82,100.0,0.9981985845454615,0.025258424589037896
layer4.1.conv2,0.9,5000,99.82,100.0,0.9981985845454615,0.028197518706321718
fc,0.0,5000,99.82,100.0,0.9981985845454615,0.022881719782948493
fc,0.1,5000,99.84,100.0,0.9983989925760938,0.023463018158078195
fc,0.2,5000,99.84,100.0,0.9983989925760938,0.02444336468279362
fc,0.5,5000,99.84,100.0,0.9983989925760938,0.02865807840824127
fc,0.7,5000,99.84,100.0,0.9983989925760938,0.0328470888197422
fc,0.8,5000,99.82,100.0,0.9981985845454615,0.035799975627660754
fc,0.9,5000,99.84,100.0,0.9983993907824728,0.04340251523256302
